Sample ID,Species (CV),Species NCBI Taxonomy ID,Donor id,Genotype,Modality  (CV),Technique  (CV),CORRECTED Anatomical Structure,Subspecimen Type (CV),Total Processed Subspecimens,Organization (CV),Investigator,Grant Number (CV),Project (CV),R24 Name (CV),R24 link,Comments,Metadata Submission,Wrangler Notes,Prior Project,Prior Anatomical Structure (CV),,,,,
20190306_CTX_DLX-GFP_SST_CALB1_CJJamie_009,marmoset,NCBI:txid9483,CjJamie,,cell morphology,FISH,CX,cells,1,Massachusetts Institute of Technology,Guoping Feng,1U01MH114819-01,feng_fish,BIL,/bil/lz/heatherz/91465b8592fa3963,,2020Q1,,,,,,,,
20190306_CTX_DLX-GFP_VIP_CALB2_CJJamie_017,marmoset,NCBI:txid9483,CjJamie,,cell morphology,FISH,CX,cells,1,Massachusetts Institute of Technology,Guoping Feng,1U01MH114819-01,feng_morph,BIL,/bil/lz/heatherz/a3f970f21f72c65c,,2020Q1,,,,,,,,
20190306_PFC_DLX-GFP_GAD1_CXCL14_CJJamie_021,marmoset,NCBI:txid9483,CjJamie,,cell morphology,FISH,PFC,cells,1,Massachusetts Institute of Technology,Guoping Feng,1U01MH114819-01,feng_fish,BIL,/bil/lz/heatherz/30cf2db35c73ba3c,,2020Q1,,,,,,,,
20190306_PFC_DLX-GFP_GAD1_CXCL14_CJJamie_026,marmoset,NCBI:txid9483,CjJamie,,cell morphology,FISH,PFC,cells,1,Massachusetts Institute of Technology,Guoping Feng,1U01MH114819-01,feng_morph,BIL,/bil/lz/heatherz/54a4bfb982e71333,,2020Q1,,,,,,,,
201904029_STR_DLX-GFP_SST_NPY_CJJamie_002,marmoset,NCBI:txid9483,CjJamie,,cell morphology,FISH,STR,cells,1,Massachusetts Institute of Technology,Guoping Feng,1U01MH114819-01,feng_fish,BIL,/bil/lz/heatherz/fefc9e1a639ec580,,2020Q1,,,,,,,,
20190424_STR_DLX-GFP_PVALB_TAC3_CJJamie_007,marmoset,NCBI:txid9483,CjJamie,,cell morphology,FISH,STR,cells,1,Massachusetts Institute of Technology,Guoping Feng,1U01MH114819-01,feng_morph,BIL,/bil/lz/heatherz/8826787ca8d055bb,,2020Q1,,,,,,,,
20190429_STR_DLX-GFP_CHAT_SLC5A7_CJJamie_006,marmoset,NCBI:txid9483,CjJamie,,cell morphology,FISH,STR,cells,1,Massachusetts Institute of Technology,Guoping Feng,1U01MH114819-01,feng_fish,BIL,/bil/lz/heatherz/cfeef105bf50e921,,2020Q1,,,,,,,,
20190516_CTX_DLX-GFP_VIP_CCK_CJJamie_002,marmoset,NCBI:txid9483,CjJamie,,cell morphology,FISH,CX,cells,1,Massachusetts Institute of Technology,Guoping Feng,1U01MH114819-01,feng_morph,BIL,/bil/lz/heatherz/84bdd7b6df12b1f7,,2020Q1,,,,,,,,
20190613_STR_DLX-GFP_CHAT_SLC5A7_CJJamie_002,marmoset,NCBI:txid9483,CjJamie,,cell morphology,FISH,STR,cells,1,Massachusetts Institute of Technology,Guoping Feng,1U01MH114819-01,feng_fish,BIL,/bil/lz/heatherz/486bd83dc839efa4,,2020Q1,,,,,,,,
20190613_STR_DLX-GFP_CHAT_SLC5A7_CJJamie_006,marmoset,NCBI:txid9483,CjJamie,,cell morphology,FISH,STR,cells,1,Massachusetts Institute of Technology,Guoping Feng,1U01MH114819-01,feng_morph,BIL,/bil/lz/heatherz/3f1f48f95a61068d,,2020Q1,,,,,,,,
20190619_CTX_DLX-GFP_PVALB_TH_CJJamie_010,marmoset,NCBI:txid9483,CjJamie,,cell morphology,FISH,CX,cells,1,Massachusetts Institute of Technology,Guoping Feng,1U01MH114819-01,feng_fish,BIL,/bil/lz/heatherz/b5cd9fc0da4f12b8,,2020Q1,,,,,,,,
20190619_CTX_DLX-GFP_PVALB_TH_CJJamie_011,marmoset,NCBI:txid9483,CjJamie,,cell morphology,FISH,CX,cells,1,Massachusetts Institute of Technology,Guoping Feng,1U01MH114819-01,feng_morph,BIL,/bil/lz/heatherz/b5cd9fc0da4f12b8,,2020Q1,,,,,,,,
20190621_CTX_DLX-GFP_PVALB_POSTN_CJJamie_010,marmoset,NCBI:txid9483,CjJamie,,cell morphology,FISH,CX,cells,1,Massachusetts Institute of Technology,Guoping Feng,1U01MH114819-01,feng_fish,BIL,/bil/lz/heatherz/31b3f5fdea974a79,,2020Q1,,,,,,,,
20190624_CTX_DLX-GFP_SST_DKK2_CJJamie_017,marmoset,NCBI:txid9483,CjJamie,,cell morphology,FISH,CX,cells,1,Massachusetts Institute of Technology,Guoping Feng,1U01MH114819-01,feng_morph,BIL,/bil/lz/heatherz/301fd2611083f4e1,,2020Q1,,,,,,,,
20190624_STR_DLX-GFP_SST_DKK2_CJJamie_003,marmoset,NCBI:txid9483,CjJamie,,cell morphology,FISH,STR,cells,1,Massachusetts Institute of Technology,Guoping Feng,1U01MH114819-01,feng_fish,BIL,/bil/lz/heatherz/fefc9e1a639ec580,,2020Q1,,,,,,,,
20190625_STR_DLX-GFP_VIP_IGFBP5_CJJamie_002,marmoset,NCBI:txid9483,CjJamie,,cell morphology,FISH,STR,cells,1,Massachusetts Institute of Technology,Guoping Feng,1U01MH114819-01,feng_morph,BIL,/bil/lz/heatherz/21f3c52b5ba1cbbb,,2020Q1,,,,,,,,
20190625_THAL_DLX-GFP_VIP_IGFBP5_1_CJJamie_004,marmoset,NCBI:txid9483,CjJamie,,cell morphology,FISH,THM,cells,1,Massachusetts Institute of Technology,Guoping Feng,1U01MH114819-01,feng_fish,BIL,/bil/lz/heatherz/073974be411daf5a,,2020Q1,,,,,,,,
20190625_THAL_DLX-GFP_VIP_IGFBP5_2_CJJamie_006,marmoset,NCBI:txid9483,CjJamie,,cell morphology,FISH,THM,cells,1,Massachusetts Institute of Technology,Guoping Feng,1U01MH114819-01,feng_morph,BIL,/bil/lz/heatherz/a5cfa5335dca9bee,,2020Q1,,,,,,,,
20190701_STR_DLX-GFP_VIP_DIRAS_CJJamie_006,marmoset,NCBI:txid9483,CjJamie,,cell morphology,FISH,STR,cells,1,Massachusetts Institute of Technology,Guoping Feng,1U01MH114819-01,feng_fish,BIL,/bil/lz/heatherz/77a44f70b6cd7d82,,2020Q1,,,,,,,,
20190807_PFC_DLX-GFP_SST_SMC2_CJJAnna_015,marmoset,NCBI:txid9483,CjAnna,,cell morphology,FISH,PFC,cells,1,Massachusetts Institute of Technology,Guoping Feng,1U01MH114819-01,feng_morph,BIL,/bil/lz/heatherz/107872470cdb5226,,2020Q1,,,,,,,,
20200901_CJYanma_aGFP488_S17_S18_S19_PFC_VIS--FOV 01775,marmoset,NCBI:txid9483,CjYanma,,cell morphology,FISH,CX,cells,1,Massachusetts Institute of Technology,Guoping Feng,1U01MH114819-01,feng_fish,BIL,/bil/lz/heatherz/12489918115f6fe0,,2020Q3,,,,,,,,
20200901_CJYanma_aGFP488_S17_S18_S19_PFC_VIS--FOV 01775,marmoset,NCBI:txid9483,CjYanma,,cell morphology,FISH,CX,reconstructions,1,Massachusetts Institute of Technology,Guoping Feng,1U01MH114819-01,feng_morph,BIL,/bil/lz/heatherz/12489918115f6fe0,,2020Q3,,,,,,,,
20200805_CJYanma_a488GFP_1_2_3_Vis_PFC--FOV 01717,marmoset,NCBI:txid9483,CjYanma,,cell morphology,FISH,CX,cells,1,Massachusetts Institute of Technology,Guoping Feng,1U01MH114819-01,feng_fish,BIL,/bil/lz/heatherz/e5d52897efcdffca,,2020Q3,,,,,,,,
20200805_CJYanma_a488GFP_1_2_3_Vis_PFC--FOV 01717,marmoset,NCBI:txid9483,CjYanma,,cell morphology,FISH,CX,reconstructions,1,Massachusetts Institute of Technology,Guoping Feng,1U01MH114819-01,feng_morph,BIL,/bil/lz/heatherz/e5d52897efcdffca,,2020Q3,,,,,,,,
20200805_CJYanma_a488GFP_1_2_3_Vis_PFC--FOV 01712,marmoset,NCBI:txid9483,CjYanma,,cell morphology,FISH,CX,cells,1,Massachusetts Institute of Technology,Guoping Feng,1U01MH114819-01,feng_fish,BIL,/bil/lz/heatherz/a03df56553bd1e9b,,2020Q3,,,,,,,,
20200805_CJYanma_a488GFP_1_2_3_Vis_PFC--FOV 01712,marmoset,NCBI:txid9483,CjYanma,,cell morphology,FISH,CX,reconstructions,1,Massachusetts Institute of Technology,Guoping Feng,1U01MH114819-01,feng_morph,BIL,/bil/lz/heatherz/a03df56553bd1e9b,,2020Q3,,,,,,,,
20200826_CJYanma_aGFP488_S10_S11_S12_PFC_VIS--FOV 02567,marmoset,NCBI:txid9483,CjYanma,,cell morphology,FISH,CX,cells,1,Massachusetts Institute of Technology,Guoping Feng,1U01MH114819-01,feng_fish,BIL,/bil/lz/heatherz/4a8ffbb8c976511f,,2020Q3,,,,,,,,
20200826_CJYanma_aGFP488_S10_S11_S12_PFC_VIS--FOV 02567,marmoset,NCBI:txid9483,CjYanma,,cell morphology,FISH,CX,reconstructions,1,Massachusetts Institute of Technology,Guoping Feng,1U01MH114819-01,feng_morph,BIL,/bil/lz/heatherz/4a8ffbb8c976511f,,2020Q3,,,,,,,,
20200826_CJYanma_aGFP488_S10_S11_S12_PFC_VIS--FOV 02606,marmoset,NCBI:txid9483,CjYanma,,cell morphology,FISH,CX,cells,1,Massachusetts Institute of Technology,Guoping Feng,1U01MH114819-01,feng_fish,BIL,/bil/lz/heatherz/13786030de63fb4f,,2020Q3,,,,,,,,
20200826_CJYanma_aGFP488_S10_S11_S12_PFC_VIS--FOV 02606,marmoset,NCBI:txid9483,CjYanma,,cell morphology,FISH,CX,reconstructions,1,Massachusetts Institute of Technology,Guoping Feng,1U01MH114819-01,feng_morph,BIL,/bil/lz/heatherz/13786030de63fb4f,,2020Q3,,,,,,,,
20200826_CJYanma_aGFP488_S10_S11_S12_PFC_VIS--FOV 02597,marmoset,NCBI:txid9483,CjYanma,,cell morphology,FISH,CX,cells,1,Massachusetts Institute of Technology,Guoping Feng,1U01MH114819-01,feng_fish,BIL,/bil/lz/heatherz/23077df45c76eb35,,2020Q3,,,,,,,,
20200826_CJYanma_aGFP488_S10_S11_S12_PFC_VIS--FOV 02597,marmoset,NCBI:txid9483,CjYanma,,cell morphology,FISH,CX,reconstructions,1,Massachusetts Institute of Technology,Guoping Feng,1U01MH114819-01,feng_morph,BIL,/bil/lz/heatherz/23077df45c76eb35,,2020Q3,,,,,,,,
20200831_CJYanma_aGFP488_S14_S15_S16_VIS_PFC--FOV 01889,marmoset,NCBI:txid9483,CjYanma,,cell morphology,FISH,CX,cells,1,Massachusetts Institute of Technology,Guoping Feng,1U01MH114819-01,feng_fish,BIL,/bil/lz/heatherz/a1c6e2a1354a4c5e,,2020Q3,,,,,,,,
20200831_CJYanma_aGFP488_S14_S15_S16_VIS_PFC--FOV 01889,marmoset,NCBI:txid9483,CjYanma,,cell morphology,FISH,CX,reconstructions,1,Massachusetts Institute of Technology,Guoping Feng,1U01MH114819-01,feng_morph,BIL,/bil/lz/heatherz/a1c6e2a1354a4c5e,,2020Q3,,,,,,,,
20200805_CJYanma_a488GFP_1_2_3_Vis_PFC--FOV 01774,marmoset,NCBI:txid9483,CjYanma,,cell morphology,FISH,CX,cells,1,Massachusetts Institute of Technology,Guoping Feng,1U01MH114819-01,feng_fish,BIL,/bil/lz/heatherz/c57067b0137f63e7,,2020Q3,,,,,,,,
20200805_CJYanma_a488GFP_1_2_3_Vis_PFC--FOV 01774,marmoset,NCBI:txid9483,CjYanma,,cell morphology,FISH,CX,reconstructions,1,Massachusetts Institute of Technology,Guoping Feng,1U01MH114819-01,feng_morph,BIL,/bil/lz/heatherz/c57067b0137f63e7,,2020Q3,,,,,,,,
20200805_CJYanma_a488GFP_1_2_3_Vis_PFC--FOV 01772,marmoset,NCBI:txid9483,CjYanma,,cell morphology,FISH,CX,cells,1,Massachusetts Institute of Technology,Guoping Feng,1U01MH114819-01,feng_fish,BIL,/bil/lz/heatherz/69bd34208e4cd3de,,2020Q3,,,,,,,,
20200805_CJYanma_a488GFP_1_2_3_Vis_PFC--FOV 01772,marmoset,NCBI:txid9483,CjYanma,,cell morphology,FISH,CX,reconstructions,1,Massachusetts Institute of Technology,Guoping Feng,1U01MH114819-01,feng_morph,BIL,/bil/lz/heatherz/69bd34208e4cd3de,,2020Q3,,,,,,,,
20200805_CJYanma_a488GFP_1_2_3_Vis_PFC--FOV 01770,marmoset,NCBI:txid9483,CjYanma,,cell morphology,FISH,CX,cells,1,Massachusetts Institute of Technology,Guoping Feng,1U01MH114819-01,feng_fish,BIL,/bil/lz/heatherz/ca2d6613e0eba2ac,,2020Q3,,,,,,,,
20200805_CJYanma_a488GFP_1_2_3_Vis_PFC--FOV 01770,marmoset,NCBI:txid9483,CjYanma,,cell morphology,FISH,CX,reconstructions,1,Massachusetts Institute of Technology,Guoping Feng,1U01MH114819-01,feng_morph,BIL,/bil/lz/heatherz/ca2d6613e0eba2ac,,2020Q3,,,,,,,,
20201123_CJLoreleai_Ex9_S3_MGARP_LHX1_PFC_VIS--FOV 00302,marmoset,NCBI:txid9483,Cj Loreleai,,cell morphology,FISH,CX,cells,1,Massachusetts Institute of Technology,Guoping Feng,1U01MH114819-01,feng_morph,BIL,/bil/lz/heatherz/cb8ba722defdc5e0,,2020Q4,,,,,,,,
20201123_CJLoreleai_Ex9_S3_MGARP_LHX1_PFC_VIS--FOV 00302,marmoset,NCBI:txid9483,Cj Loreleai,,cell morphology,FISH,CX,reconstructions,1,Massachusetts Institute of Technology,Guoping Feng,1U01MH114819-01,feng_morph,BIL,/bil/lz/heatherz/cb8ba722defdc5e0,,2020Q4,,,,,,,,
20201123_CJLoreleai_Ex9_S3_MGARP_LHX1_PFC_VIS--FOV 00307,marmoset,NCBI:txid9483,CjYanma,,cell morphology,FISH,CX,cells,1,Massachusetts Institute of Technology,Guoping Feng,1U01MH114819-01,feng_morph,BIL,/bil/lz/heatherz/cac73cf3aa8c936d,,2020Q4,,,,,,,,
20201123_CJLoreleai_Ex9_S3_MGARP_LHX1_PFC_VIS--FOV 00307,marmoset,NCBI:txid9483,CjYanma,,cell morphology,FISH,CX,reconstructions,1,Massachusetts Institute of Technology,Guoping Feng,1U01MH114819-01,feng_morph,BIL,/bil/lz/heatherz/cac73cf3aa8c936d,,2020Q4,,,,,,,,
20201022_CJYanma_aGFP488_Ex7_S5_S6_PFC_VIS--FOV 00419,marmoset,NCBI:txid9483,CjYanma,,cell morphology,FISH,CX,cells,1,Massachusetts Institute of Technology,Guoping Feng,1U01MH114819-01,feng_morph,BIL,/bil/lz/heatherz/af44be5f9c8d5862,,2020Q4,,,,,,,,
20201022_CJYanma_aGFP488_Ex7_S5_S6_PFC_VIS--FOV 00419,marmoset,NCBI:txid9483,CjYanma,,cell morphology,FISH,CX,reconstructions,1,Massachusetts Institute of Technology,Guoping Feng,1U01MH114819-01,feng_morph,BIL,/bil/lz/heatherz/af44be5f9c8d5862,,2020Q4,,,,,,,,
20201022_CJYanma_aGFP488_Ex7_S5_S6_PFC_VIS--FOV 00469,marmoset,NCBI:txid9483,CjYanma,,cell morphology,FISH,CX,cells,1,Massachusetts Institute of Technology,Guoping Feng,1U01MH114819-01,feng_morph,BIL,/bil/lz/heatherz/e2a83fb736fc2cbf,,2020Q4,,,,,,,,
20201022_CJYanma_aGFP488_Ex7_S5_S6_PFC_VIS--FOV 00469,marmoset,NCBI:txid9483,CjYanma,,cell morphology,FISH,CX,reconstructions,1,Massachusetts Institute of Technology,Guoping Feng,1U01MH114819-01,feng_morph,BIL,/bil/lz/heatherz/e2a83fb736fc2cbf,,2020Q4,,,,,,,,
20200916_CJYanma_aGFP488_S3_S4_MidSec_Ex6--FOV 00864,marmoset,NCBI:txid9483,CjYanma,,cell morphology,FISH,CX,cells,1,Massachusetts Institute of Technology,Guoping Feng,1U01MH114819-01,feng_morph,BIL,/bil/lz/heatherz/dd0bf4e72f86a1ac,,2020Q4,,,,,,,,
20200916_CJYanma_aGFP488_S3_S4_MidSec_Ex6--FOV 00864,marmoset,NCBI:txid9483,CjYanma,,cell morphology,FISH,CX,reconstructions,1,Massachusetts Institute of Technology,Guoping Feng,1U01MH114819-01,feng_morph,BIL,/bil/lz/heatherz/dd0bf4e72f86a1ac,,2020Q4,,,,,,,,
20200916_CJYanma_aGFP488_S3_S4_MidSec_Ex6--FOV 00884,marmoset,NCBI:txid9483,CjYanma,,cell morphology,FISH,CX,cells,1,Massachusetts Institute of Technology,Guoping Feng,1U01MH114819-01,feng_morph,BIL,/bil/lz/heatherz/451fd3e83e44fb76,,2020Q4,,,,,,,,
20200916_CJYanma_aGFP488_S3_S4_MidSec_Ex6--FOV 00884,marmoset,NCBI:txid9483,CjYanma,,cell morphology,FISH,CX,reconstructions,1,Massachusetts Institute of Technology,Guoping Feng,1U01MH114819-01,feng_morph,BIL,/bil/lz/heatherz/451fd3e83e44fb76,,2020Q4,,,,,,,,
20201013_CJYanma_aGFP488_Ex7_S1_PFC_VIS--FOV 00421,marmoset,NCBI:txid9483,CjYanma,,cell morphology,FISH,CX,cells,1,Massachusetts Institute of Technology,Guoping Feng,1U01MH114819-01,feng_morph,BIL,/bil/lz/heatherz/7cb5902f869713c3,,2020Q4,,,,,,,,
20201013_CJYanma_aGFP488_Ex7_S1_PFC_VIS--FOV 00421,marmoset,NCBI:txid9483,CjYanma,,cell morphology,FISH,CX,reconstructions,1,Massachusetts Institute of Technology,Guoping Feng,1U01MH114819-01,feng_morph,BIL,/bil/lz/heatherz/7cb5902f869713c3,,2020Q4,,,,,,,,
20201013_CJYanma_aGFP488_Ex7_S1_PFC_VIS--FOV 00422,marmoset,NCBI:txid9483,CjYanma,,cell morphology,FISH,CX,cells,1,Massachusetts Institute of Technology,Guoping Feng,1U01MH114819-01,feng_morph,BIL,/bil/lz/heatherz/29b7eefaa2e4df3b,,2020Q4,,,,,,,,
20201013_CJYanma_aGFP488_Ex7_S1_PFC_VIS--FOV 00422,marmoset,NCBI:txid9483,CjYanma,,cell morphology,FISH,CX,reconstructions,1,Massachusetts Institute of Technology,Guoping Feng,1U01MH114819-01,feng_morph,BIL,/bil/lz/heatherz/29b7eefaa2e4df3b,,2020Q4,,,,,,,,
20201013_CJYanma_aGFP488_Ex7_S1_PFC_VIS--FOV 00427,marmoset,NCBI:txid9483,CjYanma,,cell morphology,FISH,CX,cells,1,Massachusetts Institute of Technology,Guoping Feng,1U01MH114819-01,feng_morph,BIL,/bil/lz/heatherz/168f015a77c2b876,,2020Q4,,,,,,,,
20201013_CJYanma_aGFP488_Ex7_S1_PFC_VIS--FOV 00427,marmoset,NCBI:txid9483,CjYanma,,cell morphology,FISH,CX,reconstructions,1,Massachusetts Institute of Technology,Guoping Feng,1U01MH114819-01,feng_morph,BIL,/bil/lz/heatherz/168f015a77c2b876,,2020Q4,,,,,,,,
20201013_CJYanma_aGFP488_Ex7_S1_PFC_VIS--FOV 00429,marmoset,NCBI:txid9483,CjYanma,,cell morphology,FISH,CX,cells,1,Massachusetts Institute of Technology,Guoping Feng,1U01MH114819-01,feng_morph,BIL,/bil/lz/heatherz/a7e5ff95143c147f,,2020Q4,,,,,,,,
20201013_CJYanma_aGFP488_Ex7_S1_PFC_VIS--FOV 00429,marmoset,NCBI:txid9483,CjYanma,,cell morphology,FISH,CX,reconstructions,1,Massachusetts Institute of Technology,Guoping Feng,1U01MH114819-01,feng_morph,BIL,/bil/lz/heatherz/a7e5ff95143c147f,,2020Q4,,,,,,,,
20201013_CJYanma_aGFP488_Ex7_S1_PFC_VIS--FOV 00433,marmoset,NCBI:txid9483,CjYanma,,cell morphology,FISH,CX,cells,1,Massachusetts Institute of Technology,Guoping Feng,1U01MH114819-01,feng_morph,BIL,/bil/lz/heatherz/8ca53cde06b4390c,,2020Q4,,,,,,,,
20201013_CJYanma_aGFP488_Ex7_S1_PFC_VIS--FOV 00433,marmoset,NCBI:txid9483,CjYanma,,cell morphology,FISH,CX,reconstructions,1,Massachusetts Institute of Technology,Guoping Feng,1U01MH114819-01,feng_morph,BIL,/bil/lz/heatherz/8ca53cde06b4390c,,2020Q4,,,,,,,,
20201013_CJYanma_aGFP488_Ex7_S1_PFC_VIS--FOV 00442,marmoset,NCBI:txid9483,CjYanma,,cell morphology,FISH,CX,cells,1,Massachusetts Institute of Technology,Guoping Feng,1U01MH114819-01,feng_morph,BIL,/bil/lz/heatherz/96bce9459645bcd2,,2020Q4,,,,,,,,
20201013_CJYanma_aGFP488_Ex7_S1_PFC_VIS--FOV 00442,marmoset,NCBI:txid9483,CjYanma,,cell morphology,FISH,CX,reconstructions,1,Massachusetts Institute of Technology,Guoping Feng,1U01MH114819-01,feng_morph,BIL,/bil/lz/heatherz/96bce9459645bcd2,,2020Q4,,,,,,,,
20201013_CJYanma_aGFP488_Ex7_S1_PFC_VIS--FOV 00463,marmoset,NCBI:txid9483,CjYanma,,cell morphology,FISH,CX,cells,1,Massachusetts Institute of Technology,Guoping Feng,1U01MH114819-01,feng_morph,BIL,/bil/lz/heatherz/36e5c8d387246321,,2020Q4,,,,,,,,
20201013_CJYanma_aGFP488_Ex7_S1_PFC_VIS--FOV 00463,marmoset,NCBI:txid9483,CjYanma,,cell morphology,FISH,CX,reconstructions,1,Massachusetts Institute of Technology,Guoping Feng,1U01MH114819-01,feng_morph,BIL,/bil/lz/heatherz/36e5c8d387246321,,2020Q4,,,,,,,,
20201013_CJYanma_aGFP488_Ex7_S1_PFC_VIS--FOV 00466,marmoset,NCBI:txid9483,CjYanma,,cell morphology,FISH,CX,cells,1,Massachusetts Institute of Technology,Guoping Feng,1U01MH114819-01,feng_morph,BIL,/bil/lz/heatherz/9ddade148271375c,,2020Q4,,,,,,,,
20201013_CJYanma_aGFP488_Ex7_S1_PFC_VIS--FOV 00466,marmoset,NCBI:txid9483,CjYanma,,cell morphology,FISH,CX,reconstructions,1,Massachusetts Institute of Technology,Guoping Feng,1U01MH114819-01,feng_morph,BIL,/bil/lz/heatherz/9ddade148271375c,,2020Q4,,,,,,,,
20201013_CJYanma_aGFP488_Ex7_S1_PFC_VIS--FOV 00470,marmoset,NCBI:txid9483,CjYanma,,cell morphology,FISH,CX,cells,1,Massachusetts Institute of Technology,Guoping Feng,1U01MH114819-01,feng_morph,BIL,/bil/lz/heatherz/5a9fa53ebb496c15,,2020Q4,,,,,,,,
20201013_CJYanma_aGFP488_Ex7_S1_PFC_VIS--FOV 00470,marmoset,NCBI:txid9483,CjYanma,,cell morphology,FISH,CX,reconstructions,1,Massachusetts Institute of Technology,Guoping Feng,1U01MH114819-01,feng_morph,BIL,/bil/lz/heatherz/5a9fa53ebb496c15,,2020Q4,,,,,,,,
20201013_CJYanma_aGFP488_Ex7_S1_PFC_VIS--FOV 00477,marmoset,NCBI:txid9483,CjYanma,,cell morphology,FISH,CX,cells,1,Massachusetts Institute of Technology,Guoping Feng,1U01MH114819-01,feng_morph,BIL,/bil/lz/heatherz/53b846c1954c3107,,2020Q4,,,,,,,,
20201013_CJYanma_aGFP488_Ex7_S1_PFC_VIS--FOV 00477,marmoset,NCBI:txid9483,CjYanma,,cell morphology,FISH,CX,reconstructions,1,Massachusetts Institute of Technology,Guoping Feng,1U01MH114819-01,feng_morph,BIL,/bil/lz/heatherz/53b846c1954c3107,,2020Q4,,,,,,,,
20201013_CJYanma_aGFP488_Ex7_S1_PFC_VIS--FOV 00481,marmoset,NCBI:txid9483,CjYanma,,cell morphology,FISH,CX,cells,1,Massachusetts Institute of Technology,Guoping Feng,1U01MH114819-01,feng_morph,BIL,/bil/lz/heatherz/3bb79ce468f5e1a3,,2020Q4,,,,,,,,
20201013_CJYanma_aGFP488_Ex7_S1_PFC_VIS--FOV 00481,marmoset,NCBI:txid9483,CjYanma,,cell morphology,FISH,CX,reconstructions,1,Massachusetts Institute of Technology,Guoping Feng,1U01MH114819-01,feng_morph,BIL,/bil/lz/heatherz/3bb79ce468f5e1a3,,2020Q4,,,,,,,,
20201013_CJYanma_aGFP488_Ex7_S1_PFC_VIS--FOV 00487,marmoset,NCBI:txid9483,CjYanma,,cell morphology,FISH,CX,cells,1,Massachusetts Institute of Technology,Guoping Feng,1U01MH114819-01,feng_morph,BIL,/bil/lz/heatherz/a68112bb11e277e8,,2020Q4,,,,,,,,
20201013_CJYanma_aGFP488_Ex7_S1_PFC_VIS--FOV 00487,marmoset,NCBI:txid9483,CjYanma,,cell morphology,FISH,CX,reconstructions,1,Massachusetts Institute of Technology,Guoping Feng,1U01MH114819-01,feng_morph,BIL,/bil/lz/heatherz/a68112bb11e277e8,,2020Q4,,,,,,,,
20201028_CJYanma_aGFP488_Ex8_S5_S6_VIS_STR_CB--FOV 00827,marmoset,NCBI:txid9483,CjYanma,,cell morphology,FISH,CX,cells,1,Massachusetts Institute of Technology,Guoping Feng,1U01MH114819-01,feng_morph,BIL,/bil/lz/heatherz/f65757c17e72731b,,2020Q4,,,,,,,,
20201028_CJYanma_aGFP488_Ex8_S5_S6_VIS_STR_CB--FOV 00827,marmoset,NCBI:txid9483,CjYanma,,cell morphology,FISH,CX,reconstructions,1,Massachusetts Institute of Technology,Guoping Feng,1U01MH114819-01,feng_morph,BIL,/bil/lz/heatherz/f65757c17e72731b,,2020Q4,,,,,,,,
20201026_CJYanma_aGFP488_Ex8_S1_S2_PFC_VIS--FOV 00757,marmoset,NCBI:txid9483,CjYanma,,cell morphology,FISH,CX,cells,1,Massachusetts Institute of Technology,Guoping Feng,1U01MH114819-01,feng_morph,BIL,/bil/lz/heatherz/5dd895cdb38018e8,,2020Q4,,,,,,,,
20201026_CJYanma_aGFP488_Ex8_S1_S2_PFC_VIS--FOV 00757,marmoset,NCBI:txid9483,CjYanma,,cell morphology,FISH,CX,reconstructions,1,Massachusetts Institute of Technology,Guoping Feng,1U01MH114819-01,feng_morph,BIL,/bil/lz/heatherz/5dd895cdb38018e8,,2020Q4,,,,,,,,
20201026_CJYanma_aGFP488_Ex8_S1_S2_PFC_VIS--FOV 00759,marmoset,NCBI:txid9483,CjYanma,,cell morphology,FISH,CX,cells,1,Massachusetts Institute of Technology,Guoping Feng,1U01MH114819-01,feng_morph,BIL,/bil/lz/heatherz/380e5d8ca50f624e,,2020Q4,,,,,,,,
20201026_CJYanma_aGFP488_Ex8_S1_S2_PFC_VIS--FOV 00759,marmoset,NCBI:txid9483,CjYanma,,cell morphology,FISH,CX,reconstructions,1,Massachusetts Institute of Technology,Guoping Feng,1U01MH114819-01,feng_morph,BIL,/bil/lz/heatherz/380e5d8ca50f624e,,2020Q4,,,,,,,,
20201026_CJYanma_aGFP488_Ex8_S1_S2_PFC_VIS--FOV 00812,marmoset,NCBI:txid9483,CjYanma,,cell morphology,FISH,CX,cells,1,Massachusetts Institute of Technology,Guoping Feng,1U01MH114819-01,feng_morph,BIL,/bil/lz/heatherz/e7403f7225ca06c1,,2020Q4,,,,,,,,
20201026_CJYanma_aGFP488_Ex8_S1_S2_PFC_VIS--FOV 00812,marmoset,NCBI:txid9483,CjYanma,,cell morphology,FISH,CX,reconstructions,1,Massachusetts Institute of Technology,Guoping Feng,1U01MH114819-01,feng_morph,BIL,/bil/lz/heatherz/e7403f7225ca06c1,,2020Q4,,,,,,,,
20201027_CJYanma_aGFP488_Ex8_S3_S4_VIS_STR--FOV 00772,marmoset,NCBI:txid9483,CjYanma,,cell morphology,FISH,CX,cells,1,Massachusetts Institute of Technology,Guoping Feng,1U01MH114819-01,feng_morph,BIL,/bil/lz/heatherz/49dd25b6235d0682,,2020Q4,,,,,,,,
20201027_CJYanma_aGFP488_Ex8_S3_S4_VIS_STR--FOV 00772,marmoset,NCBI:txid9483,CjYanma,,cell morphology,FISH,CX,reconstructions,1,Massachusetts Institute of Technology,Guoping Feng,1U01MH114819-01,feng_morph,BIL,/bil/lz/heatherz/49dd25b6235d0682,,2020Q4,,,,,,,,
20200917_CJYanma_aGFP488_S1_S2_MidSec_Ex6--FOV 00682,marmoset,NCBI:txid9483,CjYanma,,cell morphology,FISH,STR,cells,1,Massachusetts Institute of Technology,Guoping Feng,1U01MH114819-01,feng_morph,BIL,/bil/lz/heatherz/f558fa3812c7f8eb,,2020Q4,,,,,,,,
20200917_CJYanma_aGFP488_S1_S2_MidSec_Ex6--FOV 00682,marmoset,NCBI:txid9483,CjYanma,,cell morphology,FISH,STR,reconstructions,1,Massachusetts Institute of Technology,Guoping Feng,1U01MH114819-01,feng_morph,BIL,/bil/lz/heatherz/f558fa3812c7f8eb,,2020Q4,,,,,,,,
b50_4x_20200917_CJYanma_aGFP488_S1_S2_MidSec_Ex6--FOV 00701,marmoset,NCBI:txid9483,CjYanma,,cell morphology,FISH,STR,cells,1,Massachusetts Institute of Technology,Guoping Feng,1U01MH114819-01,feng_morph,BIL,/bil/lz/heatherz/9c12ff31faef38b6,,2020Q4,,,,,,,,
b50_4x_20200917_CJYanma_aGFP488_S1_S2_MidSec_Ex6--FOV 00701,marmoset,NCBI:txid9483,CjYanma,,cell morphology,FISH,STR,reconstructions,1,Massachusetts Institute of Technology,Guoping Feng,1U01MH114819-01,feng_morph,BIL,/bil/lz/heatherz/9c12ff31faef38b6,,2020Q4,,,,,,,,
