Sample ID,Species (CV),Species NCBI Taxonomy ID,Donor id,Genotype,Modality  (CV),Technique  (CV),CORRECTED Anatomical Structure,Subspecimen Type (CV),Total Processed Subspecimens,Organization (CV),Investigator,Grant Number (CV),R24 Name (CV),R24 link,Metadata Submission,Data Collection (CV),Project (CV),Files per Sample
CEMBA171206_3C,mouse,NCBI:txid10090,,wt/wt,epigenomics,ATAC-seq,MOp,nuclei,10776,Salk Institute for Biological Studies,Bing Ren,1U19MH114831-01,NEMO,http://data.nemoarchive.org/biccn/grant/cemba/ecker/chromatin/,2019Q1,ecker_sn_ATACseq,ecker_sn_ATACseq_proj,3
CEMBA171207_3C,mouse,NCBI:txid10090,,wt/wt,epigenomics,ATAC-seq,MOp,nuclei,10482,Salk Institute for Biological Studies,Bing Ren,1U19MH114831-01,NEMO,http://data.nemoarchive.org/biccn/grant/cemba/ecker/chromatin/,2019Q1,ecker_sn_ATACseq,ecker_sn_ATACseq_proj,3
CEMBA171212_4B,mouse,NCBI:txid10090,,wt/wt,epigenomics,ATAC-seq,MOp,nuclei,10209,Salk Institute for Biological Studies,Bing Ren,1U19MH114831-01,NEMO,http://data.nemoarchive.org/biccn/grant/cemba/ecker/chromatin/,2019Q1,ecker_sn_ATACseq,ecker_sn_ATACseq_proj,3
CEMBA171213_4B,mouse,NCBI:txid10090,,wt/wt,epigenomics,ATAC-seq,MOp,nuclei,10905,Salk Institute for Biological Studies,Bing Ren,1U19MH114831-01,NEMO,http://data.nemoarchive.org/biccn/grant/cemba/ecker/chromatin/,2019Q1,ecker_sn_ATACseq,ecker_sn_ATACseq_proj,3
CEMBA171214_4D,mouse,NCBI:txid10090,,wt/wt,epigenomics,ATAC-seq,CP,nuclei,8602,Salk Institute for Biological Studies,Bing Ren,1U19MH114831-01,NEMO,http://data.nemoarchive.org/biccn/grant/cemba/ecker/chromatin/,2019Q1,ecker_sn_ATACseq,ecker_sn_ATACseq_proj,2
CEMBA171219_4D,mouse,NCBI:txid10090,,wt/wt,epigenomics,ATAC-seq,CP,nuclei,9152,Salk Institute for Biological Studies,Bing Ren,1U19MH114831-01,NEMO,http://data.nemoarchive.org/biccn/grant/cemba/ecker/chromatin/,2019Q1,ecker_sn_ATACseq,ecker_sn_ATACseq_proj,2
CEMBA180104_4B,mouse,NCBI:txid10090,,wt/wt,epigenomics,ATAC-seq,MOp,nuclei,9032,Salk Institute for Biological Studies,Bing Ren,1U19MH114831-01,NEMO,http://data.nemoarchive.org/biccn/grant/cemba/ecker/chromatin/,2019Q1,ecker_sn_ATACseq,ecker_sn_ATACseq_proj,3
CEMBA180105_3F,mouse,NCBI:txid10090,,wt/wt,epigenomics,ATAC-seq,ACB;SI,nuclei,9107,Salk Institute for Biological Studies,Bing Ren,1U19MH114831-01,NEMO,http://data.nemoarchive.org/biccn/grant/cemba/ecker/chromatin/,2019Q1,ecker_sn_ATACseq,ecker_sn_ATACseq_proj,2
CEMBA180109_3F,mouse,NCBI:txid10090,,wt/wt,epigenomics,ATAC-seq,ACB;SI,nuclei,9109,Salk Institute for Biological Studies,Bing Ren,1U19MH114831-01,NEMO,http://data.nemoarchive.org/biccn/grant/cemba/ecker/chromatin/,2019Q1,ecker_sn_ATACseq,ecker_sn_ATACseq_proj,2
CEMBA180110_4E,mouse,NCBI:txid10090,,wt/wt,epigenomics,ATAC-seq,ACB;SI,nuclei,9195,Salk Institute for Biological Studies,Bing Ren,1U19MH114831-01,NEMO,http://data.nemoarchive.org/biccn/grant/cemba/ecker/chromatin/,2019Q1,ecker_sn_ATACseq,ecker_sn_ATACseq_proj,2
CEMBA180111_4E,mouse,NCBI:txid10090,,wt/wt,epigenomics,ATAC-seq,ACB;SI,nuclei,9305,Salk Institute for Biological Studies,Bing Ren,1U19MH114831-01,NEMO,http://data.nemoarchive.org/biccn/grant/cemba/ecker/chromatin/,2019Q1,ecker_sn_ATACseq,ecker_sn_ATACseq_proj,2
CEMBA180118_1B,mouse,NCBI:txid10090,,wt/wt,epigenomics,ATAC-seq,ORB;FRP,nuclei,8926,Salk Institute for Biological Studies,Bing Ren,1U19MH114831-01,NEMO,http://data.nemoarchive.org/biccn/grant/cemba/ecker/chromatin/,2019Q1,ecker_sn_ATACseq,ecker_sn_ATACseq_proj,2
CEMBA180119_1B,mouse,NCBI:txid10090,,wt/wt,epigenomics,ATAC-seq,ORB;FRP,nuclei,6677,Salk Institute for Biological Studies,Bing Ren,1U19MH114831-01,NEMO,http://data.nemoarchive.org/biccn/grant/cemba/ecker/chromatin/,2019Q1,ecker_sn_ATACseq,ecker_sn_ATACseq_proj,2
CEMBA180123_2A,mouse,NCBI:txid10090,,wt/wt,epigenomics,ATAC-seq,ACA;PL;ILA,nuclei,9389,Salk Institute for Biological Studies,Bing Ren,1U19MH114831-01,NEMO,http://data.nemoarchive.org/biccn/grant/cemba/ecker/chromatin/,2019Q1,ecker_sn_ATACseq,ecker_sn_ATACseq_proj,2
CEMBA180129_3A,mouse,NCBI:txid10090,,wt/wt,epigenomics,ATAC-seq,ACA;ILA;PL,nuclei,9807,Salk Institute for Biological Studies,Bing Ren,1U19MH114831-01,NEMO,http://data.nemoarchive.org/biccn/grant/cemba/ecker/chromatin/,2019Q1,ecker_sn_ATACseq,ecker_sn_ATACseq_proj,2
CEMBA180130_3A,mouse,NCBI:txid10090,,wt/wt,epigenomics,ATAC-seq,ACA;ILA;PL,nuclei,9990,Salk Institute for Biological Studies,Bing Ren,1U19MH114831-01,NEMO,http://data.nemoarchive.org/biccn/grant/cemba/ecker/chromatin/,2019Q1,ecker_sn_ATACseq,ecker_sn_ATACseq_proj,2
CEMBA180205_4A,mouse,NCBI:txid10090,,wt/wt,epigenomics,ATAC-seq,ACA,nuclei,7657,Salk Institute for Biological Studies,Bing Ren,1U19MH114831-01,NEMO,http://data.nemoarchive.org/biccn/grant/cemba/ecker/chromatin/,2019Q1,ecker_sn_ATACseq,ecker_sn_ATACseq_proj,2
CEMBA180206_4A,mouse,NCBI:txid10090,,wt/wt,epigenomics,ATAC-seq,ACA,nuclei,11311,Salk Institute for Biological Studies,Bing Ren,1U19MH114831-01,NEMO,http://data.nemoarchive.org/biccn/grant/cemba/ecker/chromatin/,2019Q1,ecker_sn_ATACseq,ecker_sn_ATACseq_proj,2
CEMBA180208_1C,mouse,NCBI:txid10090,,wt/wt,epigenomics,ATAC-seq,MOB;AOB;AON,nuclei,8284,Salk Institute for Biological Studies,Bing Ren,1U19MH114831-01,NEMO,http://data.nemoarchive.org/biccn/grant/cemba/ecker/chromatin/,2019Q1,ecker_sn_ATACseq,ecker_sn_ATACseq_proj,2
CEMBA180212_1C,mouse,NCBI:txid10090,,wt/wt,epigenomics,ATAC-seq,MOB;AOB;AON,nuclei,8942,Salk Institute for Biological Studies,Bing Ren,1U19MH114831-01,NEMO,http://data.nemoarchive.org/biccn/grant/cemba/ecker/chromatin/,2019Q1,ecker_sn_ATACseq,ecker_sn_ATACseq_proj,2
CEMBA180213_1B,mouse,NCBI:txid10090,,wt/wt,epigenomics,ATAC-seq,ORB;FRP,nuclei,9095,Salk Institute for Biological Studies,Bing Ren,1U19MH114831-01,NEMO,http://data.nemoarchive.org/biccn/grant/cemba/ecker/chromatin/,2019Q1,ecker_sn_ATACseq,ecker_sn_ATACseq_proj,2
CEMBA180222_2E,mouse,NCBI:txid10090,,wt/wt,epigenomics,ATAC-seq,TTd;TTv;AON,nuclei,10734,Salk Institute for Biological Studies,Bing Ren,1U19MH114831-01,NEMO,http://data.nemoarchive.org/biccn/grant/cemba/ecker/chromatin/,2019Q1,ecker_sn_ATACseq,ecker_sn_ATACseq_proj,2
CEMBA180226_1A,mouse,NCBI:txid10090,,wt/wt,epigenomics,ATAC-seq,MOs,nuclei,11796,Salk Institute for Biological Studies,Bing Ren,1U19MH114831-01,NEMO,http://data.nemoarchive.org/biccn/grant/cemba/ecker/chromatin/,2019Q1,ecker_sn_ATACseq,ecker_sn_ATACseq_proj,2
CEMBA180227_1A,mouse,NCBI:txid10090,,wt/wt,epigenomics,ATAC-seq,MOs,nuclei,10950,Salk Institute for Biological Studies,Bing Ren,1U19MH114831-01,NEMO,http://data.nemoarchive.org/biccn/grant/cemba/ecker/chromatin/,2019Q1,ecker_sn_ATACseq,ecker_sn_ATACseq_proj,2
CEMBA180305_2B,mouse,NCBI:txid10090,,wt/wt,epigenomics,ATAC-seq,MOs,nuclei,11256,Salk Institute for Biological Studies,Bing Ren,1U19MH114831-01,NEMO,http://data.nemoarchive.org/biccn/grant/cemba/ecker/chromatin/,2019Q1,ecker_sn_ATACseq,ecker_sn_ATACseq_proj,2
CEMBA180306_2B,mouse,NCBI:txid10090,,wt/wt,epigenomics,ATAC-seq,MOs,nuclei,11688,Salk Institute for Biological Studies,Bing Ren,1U19MH114831-01,NEMO,http://data.nemoarchive.org/biccn/grant/cemba/ecker/chromatin/,2019Q1,ecker_sn_ATACseq,ecker_sn_ATACseq_proj,32
CEMBA180308_3B,mouse,NCBI:txid10090,,wt/wt,epigenomics,ATAC-seq,MOs,nuclei,11726,Salk Institute for Biological Studies,Bing Ren,1U19MH114831-01,NEMO,http://data.nemoarchive.org/biccn/grant/cemba/ecker/chromatin/,2019Q1,ecker_sn_ATACseq,ecker_sn_ATACseq_proj,1
CEMBA180312_3B,mouse,NCBI:txid10090,,wt/wt,epigenomics,ATAC-seq,MOs,nuclei,11418,Salk Institute for Biological Studies,Bing Ren,1U19MH114831-01,NEMO,http://data.nemoarchive.org/biccn/grant/cemba/ecker/chromatin/,2019Q1,ecker_sn_ATACseq,ecker_sn_ATACseq_proj,2
CEMBA180313_2D,mouse,NCBI:txid10090,,wt/wt,epigenomics,ATAC-seq,PIR,nuclei,10126,Salk Institute for Biological Studies,Bing Ren,1U19MH114831-01,NEMO,http://data.nemoarchive.org/biccn/grant/cemba/ecker/chromatin/,2019Q1,ecker_sn_ATACseq,ecker_sn_ATACseq_proj,2
CEMBA180319_2D,mouse,NCBI:txid10090,,wt/wt,epigenomics,ATAC-seq,PIR,nuclei,9596,Salk Institute for Biological Studies,Bing Ren,1U19MH114831-01,NEMO,http://data.nemoarchive.org/biccn/grant/cemba/ecker/chromatin/,2019Q1,ecker_sn_ATACseq,ecker_sn_ATACseq_proj,2
CEMBA180320_3E,mouse,NCBI:txid10090,,wt/wt,epigenomics,ATAC-seq,PIR,nuclei,10956,Salk Institute for Biological Studies,Bing Ren,1U19MH114831-01,NEMO,http://data.nemoarchive.org/biccn/grant/cemba/ecker/chromatin/,2019Q1,ecker_sn_ATACseq,ecker_sn_ATACseq_proj,2
CEMBA180326_3E,mouse,NCBI:txid10090,,wt/wt,epigenomics,ATAC-seq,PIR,nuclei,11029,Salk Institute for Biological Studies,Bing Ren,1U19MH114831-01,NEMO,http://data.nemoarchive.org/biccn/grant/cemba/ecker/chromatin/,2019Q1,ecker_sn_ATACseq,ecker_sn_ATACseq_proj,2
CEMBA180329_4F,mouse,NCBI:txid10090,,wt/wt,epigenomics,ATAC-seq,PIR,nuclei,11318,Salk Institute for Biological Studies,Bing Ren,1U19MH114831-01,NEMO,http://data.nemoarchive.org/biccn/grant/cemba/ecker/chromatin/,2019Q1,ecker_sn_ATACseq,ecker_sn_ATACseq_proj,2
CEMBA180402_4F,mouse,NCBI:txid10090,,wt/wt,epigenomics,ATAC-seq,PIR,nuclei,12272,Salk Institute for Biological Studies,Bing Ren,1U19MH114831-01,NEMO,http://data.nemoarchive.org/biccn/grant/cemba/ecker/chromatin/,2019Q1,ecker_sn_ATACseq,ecker_sn_ATACseq_proj,1
CEMBA180409_2C,mouse,NCBI:txid10090,,wt/wt,epigenomics,ATAC-seq,MOp,nuclei,11208,Salk Institute for Biological Studies,Bing Ren,1U19MH114831-01,NEMO,http://data.nemoarchive.org/biccn/grant/cemba/ecker/chromatin/,2019Q1,ecker_sn_ATACseq,ecker_sn_ATACseq_proj,2
CEMBA180410_2C,mouse,NCBI:txid10090,,wt/wt,epigenomics,ATAC-seq,MOp,nuclei,12801,Salk Institute for Biological Studies,Bing Ren,1U19MH114831-01,NEMO,http://data.nemoarchive.org/biccn/grant/cemba/ecker/chromatin/,2019Q1,ecker_sn_ATACseq,ecker_sn_ATACseq_proj,2
CEMBA180412_3D,mouse,NCBI:txid10090,,wt/wt,epigenomics,ATAC-seq,AI,nuclei,12783,Salk Institute for Biological Studies,Bing Ren,1U19MH114831-01,NEMO,http://data.nemoarchive.org/biccn/grant/cemba/ecker/chromatin/,2019Q1,ecker_sn_ATACseq,ecker_sn_ATACseq_proj,2
CEMBA180416_3D,mouse,NCBI:txid10090,,wt/wt,epigenomics,ATAC-seq,AI,nuclei,13060,Salk Institute for Biological Studies,Bing Ren,1U19MH114831-01,NEMO,http://data.nemoarchive.org/biccn/grant/cemba/ecker/chromatin/,2019Q1,ecker_sn_ATACseq,ecker_sn_ATACseq_proj,2
CEMBA180417_4C,mouse,NCBI:txid10090,,wt/wt,epigenomics,ATAC-seq,SSp,nuclei,11656,Salk Institute for Biological Studies,Bing Ren,1U19MH114831-01,NEMO,http://data.nemoarchive.org/biccn/grant/cemba/ecker/chromatin/,2019Q1,ecker_sn_ATACseq,ecker_sn_ATACseq_proj,2
CEMBA180419_4C,mouse,NCBI:txid10090,,wt/wt,epigenomics,ATAC-seq,SSp,nuclei,12132,Salk Institute for Biological Studies,Bing Ren,1U19MH114831-01,NEMO,http://data.nemoarchive.org/biccn/grant/cemba/ecker/chromatin/,2019Q1,ecker_sn_ATACseq,ecker_sn_ATACseq_proj,2
CEMBA180426_8B,mouse,NCBI:txid10090,,wt/wt,epigenomics,ATAC-seq,SSp,nuclei,11028,Salk Institute for Biological Studies,Bing Ren,1U19MH114831-01,NEMO,http://data.nemoarchive.org/biccn/grant/cemba/ecker/chromatin/,2019Q1,ecker_sn_ATACseq,ecker_sn_ATACseq_proj,2
CEMBA180430_8B,mouse,NCBI:txid10090,,wt/wt,epigenomics,ATAC-seq,SSp,nuclei,10759,Salk Institute for Biological Studies,Bing Ren,1U19MH114831-01,NEMO,http://data.nemoarchive.org/biccn/grant/cemba/ecker/chromatin/,2019Q1,ecker_sn_ATACseq,ecker_sn_ATACseq_proj,2
CEMBA180514_5B,mouse,NCBI:txid10090,,wt/wt,epigenomics,ATAC-seq,SSp,nuclei,11409,Salk Institute for Biological Studies,Bing Ren,1U19MH114831-01,NEMO,http://data.nemoarchive.org/biccn/grant/cemba/ecker/chromatin/,2019Q1,ecker_sn_ATACseq,ecker_sn_ATACseq_proj,2
CEMBA180529_5B,mouse,NCBI:txid10090,,wt/wt,epigenomics,ATAC-seq,SSp,nuclei,10378,Salk Institute for Biological Studies,Bing Ren,1U19MH114831-01,NEMO,http://data.nemoarchive.org/biccn/grant/cemba/ecker/chromatin/,2019Q1,ecker_sn_ATACseq,ecker_sn_ATACseq_proj,2
CEMBA180612_5D,mouse,NCBI:txid10090,,wt/wt,epigenomics,ATAC-seq,MOp,nuclei,11947,Salk Institute for Biological Studies,Bing Ren,1U19MH114831-01,NEMO,http://data.nemoarchive.org/biccn/grant/cemba/ecker/chromatin/,2019Q1,ecker_sn_ATACseq,ecker_sn_ATACseq_proj,2
CEMBA180618_5D,mouse,NCBI:txid10090,,wt/wt,epigenomics,ATAC-seq,MOp,nuclei,11702,Salk Institute for Biological Studies,Bing Ren,1U19MH114831-01,NEMO,http://data.nemoarchive.org/biccn/grant/cemba/ecker/chromatin/,2019Q1,ecker_sn_ATACseq,ecker_sn_ATACseq_proj,2
CEMBA180619_4G,mouse,NCBI:txid10090,,wt/wt,epigenomics,ATAC-seq,LSX,nuclei,12818,Salk Institute for Biological Studies,Bing Ren,1U19MH114831-01,NEMO,http://data.nemoarchive.org/biccn/grant/cemba/ecker/chromatin/,2019Q1,ecker_sn_ATACseq,ecker_sn_ATACseq_proj,2
CEMBA180723_4G,mouse,NCBI:txid10090,,wt/wt,epigenomics,ATAC-seq,LSX,nuclei,12135,Salk Institute for Biological Studies,Bing Ren,1U19MH114831-01,NEMO,http://data.nemoarchive.org/biccn/grant/cemba/ecker/chromatin/,2019Q1,ecker_sn_ATACseq,ecker_sn_ATACseq_proj,2
CEMBA180724_4H,mouse,NCBI:txid10090,,wt/wt,epigenomics,ATAC-seq,MS;NDB,nuclei,10120,Salk Institute for Biological Studies,Bing Ren,1U19MH114831-01,NEMO,http://data.nemoarchive.org/biccn/grant/cemba/ecker/chromatin/,2019Q1,ecker_sn_ATACseq,ecker_sn_ATACseq_proj,2
CEMBA180730_4H,mouse,NCBI:txid10090,,wt/wt,epigenomics,ATAC-seq,MS;NDB,nuclei,11145,Salk Institute for Biological Studies,Bing Ren,1U19MH114831-01,NEMO,http://data.nemoarchive.org/biccn/grant/cemba/ecker/chromatin/,2019Q1,ecker_sn_ATACseq,ecker_sn_ATACseq_proj,2
CEMBA180731_5A,mouse,NCBI:txid10090,,wt/wt,epigenomics,ATAC-seq,ACA,nuclei,10402,Salk Institute for Biological Studies,Bing Ren,1U19MH114831-01,NEMO,http://data.nemoarchive.org/biccn/grant/cemba/ecker/chromatin/,2019Q1,ecker_sn_ATACseq,ecker_sn_ATACseq_proj,2
CEMBA180807_5A,mouse,NCBI:txid10090,,wt/wt,epigenomics,ATAC-seq,ACA,nuclei,9464,Salk Institute for Biological Studies,Bing Ren,1U19MH114831-01,NEMO,http://data.nemoarchive.org/biccn/grant/cemba/ecker/chromatin/,2019Q1,ecker_sn_ATACseq,ecker_sn_ATACseq_proj,2
CEMBA180813_5E,mouse,NCBI:txid10090,,wt/wt,epigenomics,ATAC-seq,CP,nuclei,9915,Salk Institute for Biological Studies,Bing Ren,1U19MH114831-01,NEMO,http://data.nemoarchive.org/biccn/grant/cemba/ecker/chromatin/,2019Q1,ecker_sn_ATACseq,ecker_sn_ATACseq_proj,2
CEMBA180820_5E,mouse,NCBI:txid10090,,wt/wt,epigenomics,ATAC-seq,CP,nuclei,10774,Salk Institute for Biological Studies,Bing Ren,1U19MH114831-01,NEMO,http://data.nemoarchive.org/biccn/grant/cemba/ecker/chromatin/,2019Q1,ecker_sn_ATACseq,ecker_sn_ATACseq_proj,2
CEMBA180904_5J,mouse,NCBI:txid10090,,wt/wt,epigenomics,ATAC-seq,LSX,nuclei,11581,Salk Institute for Biological Studies,Bing Ren,1U19MH114831-01,NEMO,http://data.nemoarchive.org/biccn/grant/cemba/ecker/chromatin/,2019Q1,ecker_sn_ATACseq,ecker_sn_ATACseq_proj,2
CEMBA180910_5J,mouse,NCBI:txid10090,,wt/wt,epigenomics,ATAC-seq,LSX,nuclei,8939,Salk Institute for Biological Studies,Bing Ren,1U19MH114831-01,NEMO,http://data.nemoarchive.org/biccn/grant/cemba/ecker/chromatin/,2019Q1,ecker_sn_ATACseq,ecker_sn_ATACseq_proj,2
CEMBA181001_5C,mouse,NCBI:txid10090,,wt/wt,epigenomics,ATAC-seq,SSs,nuclei,12383,Salk Institute for Biological Studies,Bing Ren,1U19MH114831-01,NEMO,http://data.nemoarchive.org/biccn/grant/cemba/ecker/chromatin/,2019Q1,ecker_sn_ATACseq,ecker_sn_ATACseq_proj,2
CEMBA181002_5C,mouse,NCBI:txid10090,,wt/wt,epigenomics,ATAC-seq,SSs,nuclei,13884,Salk Institute for Biological Studies,Bing Ren,1U19MH114831-01,NEMO,http://data.nemoarchive.org/biccn/grant/cemba/ecker/chromatin/,2019Q1,ecker_sn_ATACseq,ecker_sn_ATACseq_proj,2
CEMBA181008_5G,mouse,NCBI:txid10090,,wt/wt,epigenomics,ATAC-seq,PIR,nuclei,13896,Salk Institute for Biological Studies,Bing Ren,1U19MH114831-01,NEMO,http://data.nemoarchive.org/biccn/grant/cemba/ecker/chromatin/,2019Q1,ecker_sn_ATACseq,ecker_sn_ATACseq_proj,2
CEMBA181009_5G,mouse,NCBI:txid10090,,wt/wt,epigenomics,ATAC-seq,PIR,nuclei,13913,Salk Institute for Biological Studies,Bing Ren,1U19MH114831-01,NEMO,http://data.nemoarchive.org/biccn/grant/cemba/ecker/chromatin/,2019Q1,ecker_sn_ATACseq,ecker_sn_ATACseq_proj,2
CEMBA181015_5H,mouse,NCBI:txid10090,,wt/wt,epigenomics,ATAC-seq,BST;SI,nuclei,14176,Salk Institute for Biological Studies,Bing Ren,1U19MH114831-01,NEMO,http://data.nemoarchive.org/biccn/grant/cemba/ecker/chromatin/,2019Q1,ecker_sn_ATACseq,ecker_sn_ATACseq_proj,2
CEMBA181016_5H,mouse,NCBI:txid10090,,wt/wt,epigenomics,ATAC-seq,BST;SI,nuclei,9419,Salk Institute for Biological Studies,Bing Ren,1U19MH114831-01,NEMO,http://data.nemoarchive.org/biccn/grant/cemba/ecker/chromatin/,2019Q1,ecker_sn_ATACseq,ecker_sn_ATACseq_proj,2
CEMBA181022_6B,mouse,NCBI:txid10090,,wt/wt,epigenomics,ATAC-seq,SSp,nuclei,13820,Salk Institute for Biological Studies,Bing Ren,1U19MH114831-01,NEMO,http://data.nemoarchive.org/biccn/grant/cemba/ecker/chromatin/,2019Q1,ecker_sn_ATACseq,ecker_sn_ATACseq_proj,2
CEMBA181023_6B,mouse,NCBI:txid10090,,wt/wt,epigenomics,ATAC-seq,SSp,nuclei,13395,Salk Institute for Biological Studies,Bing Ren,1U19MH114831-01,NEMO,http://data.nemoarchive.org/biccn/grant/cemba/ecker/chromatin/,2019Q1,ecker_sn_ATACseq,ecker_sn_ATACseq_proj,2
CEMBA181218_5F,mouse,NCBI:txid10090,,wt/wt,epigenomics,ATAC-seq,ACB,nuclei,12729,Salk Institute for Biological Studies,Bing Ren,1U19MH114831-01,NEMO,http://data.nemoarchive.org/biccn/grant/cemba/ecker/chromatin/,2019Q1,ecker_sn_ATACseq,ecker_sn_ATACseq_proj,2
CEMBA181220_5F,mouse,NCBI:txid10090,,wt/wt,epigenomics,ATAC-seq,ACB,nuclei,12863,Salk Institute for Biological Studies,Bing Ren,1U19MH114831-01,NEMO,http://data.nemoarchive.org/biccn/grant/cemba/ecker/chromatin/,2019Q1,ecker_sn_ATACseq,ecker_sn_ATACseq_proj,2
CEMBA190108_6A,mouse,NCBI:txid10090,,wt/wt,epigenomics,ATAC-seq,ACA,nuclei,12876,Salk Institute for Biological Studies,Bing Ren,1U19MH114831-01,NEMO,http://data.nemoarchive.org/biccn/grant/cemba/ecker/chromatin/,2019Q1,ecker_sn_ATACseq,ecker_sn_ATACseq_proj,2
CEMBA190110_7B,mouse,NCBI:txid10090,,wt/wt,epigenomics,ATAC-seq,SSp,nuclei,12760,Salk Institute for Biological Studies,Bing Ren,1U19MH114831-01,NEMO,http://data.nemoarchive.org/biccn/grant/cemba/ecker/chromatin/,2019Q1,ecker_sn_ATACseq,ecker_sn_ATACseq_proj,2
CEMBA190115_7B,mouse,NCBI:txid10090,,wt/wt,epigenomics,ATAC-seq,SSp,nuclei,12871,Salk Institute for Biological Studies,Bing Ren,1U19MH114831-01,NEMO,http://data.nemoarchive.org/biccn/grant/cemba/ecker/chromatin/,2019Q1,ecker_sn_ATACseq,ecker_sn_ATACseq_proj,2
CEMBA190117_6A,mouse,NCBI:txid10090,,wt/wt,epigenomics,ATAC-seq,ACA,nuclei,13142,Salk Institute for Biological Studies,Bing Ren,1U19MH114831-01,NEMO,http://data.nemoarchive.org/biccn/grant/cemba/ecker/chromatin/,2019Q1,ecker_sn_ATACseq,ecker_sn_ATACseq_proj,2
CEMBA190122_6C,mouse,NCBI:txid10090,,wt/wt,epigenomics,ATAC-seq,SSs,nuclei,12586,Salk Institute for Biological Studies,Bing Ren,1U19MH114831-01,NEMO,http://data.nemoarchive.org/biccn/grant/cemba/ecker/chromatin/,2019Q1,ecker_sn_ATACseq,ecker_sn_ATACseq_proj,2
CEMBA190124_6C,mouse,NCBI:txid10090,,wt/wt,epigenomics,ATAC-seq,SSs,nuclei,12599,Salk Institute for Biological Studies,Bing Ren,1U19MH114831-01,NEMO,http://data.nemoarchive.org/biccn/grant/cemba/ecker/chromatin/,2019Q1,ecker_sn_ATACseq,ecker_sn_ATACseq_proj,2
CEMBA190131_6D,mouse,NCBI:txid10090,,wt/wt,epigenomics,ATAC-seq,PIR,nuclei,12816,Salk Institute for Biological Studies,Bing Ren,1U19MH114831-01,NEMO,http://data.nemoarchive.org/biccn/grant/cemba/ecker/chromatin/,2019Q1,ecker_sn_ATACseq,ecker_sn_ATACseq_proj,2
CEMBA190205_6D,mouse,NCBI:txid10090,,wt/wt,epigenomics,ATAC-seq,PIR,nuclei,12917,Salk Institute for Biological Studies,Bing Ren,1U19MH114831-01,NEMO,http://data.nemoarchive.org/biccn/grant/cemba/ecker/chromatin/,2019Q1,ecker_sn_ATACseq,ecker_sn_ATACseq_proj,2
CEMBA190207_2A,mouse,NCBI:txid10090,,wt/wt,epigenomics,ATAC-seq,ACA;PL;ILA,nuclei,12625,Salk Institute for Biological Studies,Bing Ren,1U19MH114831-01,NEMO,http://data.nemoarchive.org/biccn/grant/cemba/ecker/chromatin/,2019Q1,ecker_sn_ATACseq,ecker_sn_ATACseq_proj,2
CEMBA190207_2E,mouse,NCBI:txid10090,,wt/wt,epigenomics,ATAC-seq,TTd;TTv;AON,nuclei,12526,Salk Institute for Biological Studies,Bing Ren,1U19MH114831-01,NEMO,http://data.nemoarchive.org/biccn/grant/cemba/ecker/chromatin/,2019Q1,ecker_sn_ATACseq,ecker_sn_ATACseq_proj,2
CEMBA190212_9H,mouse,NCBI:txid10090,,wt/wt,epigenomics,ATAC-seq,CA1;CA2;CA3,nuclei,12709,Salk Institute for Biological Studies,Bing Ren,1U19MH114831-01,NEMO,http://data.nemoarchive.org/biccn/grant/cemba/ecker/chromatin/,2019Q1,ecker_sn_ATACseq,ecker_sn_ATACseq_proj,2
CEMBA190212_9J,mouse,NCBI:txid10090,,wt/wt,epigenomics,ATAC-seq,DG,nuclei,12934,Salk Institute for Biological Studies,Bing Ren,1U19MH114831-01,NEMO,http://data.nemoarchive.org/biccn/grant/cemba/ecker/chromatin/,2019Q1,ecker_sn_ATACseq,ecker_sn_ATACseq_proj,2
CEMBA190214_11E,mouse,NCBI:txid10090,,wt/wt,epigenomics,ATAC-seq,CA1;CA2;CA3,nuclei,12377,Salk Institute for Biological Studies,Bing Ren,1U19MH114831-01,NEMO,http://data.nemoarchive.org/biccn/grant/cemba/ecker/chromatin/,2019Q1,ecker_sn_ATACseq,ecker_sn_ATACseq_proj,2
CEMBA190214_11F,mouse,NCBI:txid10090,,wt/wt,epigenomics,ATAC-seq,DG,nuclei,13016,Salk Institute for Biological Studies,Bing Ren,1U19MH114831-01,NEMO,http://data.nemoarchive.org/biccn/grant/cemba/ecker/chromatin/,2019Q1,ecker_sn_ATACseq,ecker_sn_ATACseq_proj,2
CEMBA190219_9H,mouse,NCBI:txid10090,,wt/wt,epigenomics,ATAC-seq,CA1;CA2;CA3,nuclei,12120,Salk Institute for Biological Studies,Bing Ren,1U19MH114831-01,NEMO,http://data.nemoarchive.org/biccn/grant/cemba/ecker/chromatin/,2019Q1,ecker_sn_ATACseq,ecker_sn_ATACseq_proj,2
CEMBA190219_9J,mouse,NCBI:txid10090,,wt/wt,epigenomics,ATAC-seq,DG,nuclei,12551,Salk Institute for Biological Studies,Bing Ren,1U19MH114831-01,NEMO,http://data.nemoarchive.org/biccn/grant/cemba/ecker/chromatin/,2019Q1,ecker_sn_ATACseq,ecker_sn_ATACseq_proj,2
CEMBA190305_11E,mouse,NCBI:txid10090,,wt/wt,epigenomics,ATAC-seq,CA1;CA2;CA3,nuclei,11278,Salk Institute for Biological Studies,Bing Ren,1U19MH114831-01,NEMO,http://data.nemoarchive.org/biccn/grant/cemba/ecker/chromatin/,2019Q2,ecker_sn_ATACseq,ecker_sn_ATACseq_proj,2
CEMBA190305_11F,mouse,NCBI:txid10090,,wt/wt,epigenomics,ATAC-seq,DG,nuclei,12420,Salk Institute for Biological Studies,Bing Ren,1U19MH114831-01,NEMO,http://data.nemoarchive.org/biccn/grant/cemba/ecker/chromatin/,2019Q2,ecker_sn_ATACseq,ecker_sn_ATACseq_proj,2
CEMBA190314_11B,mouse,NCBI:txid10090,,wt/wt,epigenomics,ATAC-seq,VISp;VISI,nuclei,12316,Salk Institute for Biological Studies,Bing Ren,1U19MH114831-01,NEMO,http://data.nemoarchive.org/biccn/grant/cemba/ecker/chromatin/,2019Q2,ecker_sn_ATACseq,ecker_sn_ATACseq_proj,1
CEMBA190314_12B,mouse,NCBI:txid10090,,wt/wt,epigenomics,ATAC-seq,VISp;VISl;VISli,nuclei,12518,Salk Institute for Biological Studies,Bing Ren,1U19MH114831-01,NEMO,http://data.nemoarchive.org/biccn/grant/cemba/ecker/chromatin/,2019Q2,ecker_sn_ATACseq,ecker_sn_ATACseq_proj,1
CEMBA190325_11B,mouse,NCBI:txid10090,,wt/wt,epigenomics,ATAC-seq,VISp;VISI,nuclei,11357,Salk Institute for Biological Studies,Bing Ren,1U19MH114831-01,NEMO,http://data.nemoarchive.org/biccn/grant/cemba/ecker/chromatin/,2019Q2,ecker_sn_ATACseq,ecker_sn_ATACseq_proj,1
CEMBA190325_12B,mouse,NCBI:txid10090,,wt/wt,epigenomics,ATAC-seq,VISp;VISl;VISli,nuclei,12110,Salk Institute for Biological Studies,Bing Ren,1U19MH114831-01,NEMO,http://data.nemoarchive.org/biccn/grant/cemba/ecker/chromatin/,2019Q2,ecker_sn_ATACseq,ecker_sn_ATACseq_proj,1
CEMBA190326_9B,mouse,NCBI:txid10090,,wt/wt,epigenomics,ATAC-seq,VISam;VISa;VISd,nuclei,12461,Salk Institute for Biological Studies,Bing Ren,1U19MH114831-01,NEMO,http://data.nemoarchive.org/biccn/grant/cemba/ecker/chromatin/,2019Q2,ecker_sn_ATACseq,ecker_sn_ATACseq_proj,1
CEMBA190326_9D,mouse,NCBI:txid10090,,wt/wt,epigenomics,ATAC-seq,AUDp;AUDv,nuclei,12588,Salk Institute for Biological Studies,Bing Ren,1U19MH114831-01,NEMO,http://data.nemoarchive.org/biccn/grant/cemba/ecker/chromatin/,2019Q2,ecker_sn_ATACseq,ecker_sn_ATACseq_proj,1
CEMBA190404_9B,mouse,NCBI:txid10090,,wt/wt,epigenomics,ATAC-seq,VISam;VISa;VISd,nuclei,12312,Salk Institute for Biological Studies,Bing Ren,1U19MH114831-01,NEMO,http://data.nemoarchive.org/biccn/grant/cemba/ecker/chromatin/,2019Q2,ecker_sn_ATACseq,ecker_sn_ATACseq_proj,1
CEMBA190404_9D,mouse,NCBI:txid10090,,wt/wt,epigenomics,ATAC-seq,AUDp;AUDv,nuclei,12589,Salk Institute for Biological Studies,Bing Ren,1U19MH114831-01,NEMO,http://data.nemoarchive.org/biccn/grant/cemba/ecker/chromatin/,2019Q2,ecker_sn_ATACseq,ecker_sn_ATACseq_proj,1
CEMBA190411_10C,mouse,NCBI:txid10090,,wt/wt,epigenomics,ATAC-seq,AUDd;AUDpo;AUDp;AUDv,nuclei,12741,Salk Institute for Biological Studies,Bing Ren,1U19MH114831-01,NEMO,http://data.nemoarchive.org/biccn/grant/cemba/ecker/chromatin/,2019Q2,ecker_sn_ATACseq,ecker_sn_ATACseq_proj,1
CEMBA190411_9A,mouse,NCBI:txid10090,,wt/wt,epigenomics,ATAC-seq,RSP,nuclei,12490,Salk Institute for Biological Studies,Bing Ren,1U19MH114831-01,NEMO,http://data.nemoarchive.org/biccn/grant/cemba/ecker/chromatin/,2019Q2,ecker_sn_ATACseq,ecker_sn_ATACseq_proj,1
CEMBA190418_10C,mouse,NCBI:txid10090,,wt/wt,epigenomics,ATAC-seq,AUDd;AUDpo;AUDp;AUDv,nuclei,12274,Salk Institute for Biological Studies,Bing Ren,1U19MH114831-01,NEMO,http://data.nemoarchive.org/biccn/grant/cemba/ecker/chromatin/,2019Q2,ecker_sn_ATACseq,ecker_sn_ATACseq_proj,1
CEMBA190418_9A,mouse,NCBI:txid10090,,wt/wt,epigenomics,ATAC-seq,RSP,nuclei,12249,Salk Institute for Biological Studies,Bing Ren,1U19MH114831-01,NEMO,http://data.nemoarchive.org/biccn/grant/cemba/ecker/chromatin/,2019Q2,ecker_sn_ATACseq,ecker_sn_ATACseq_proj,1
CEMBA190423_10A,mouse,NCBI:txid10090,,wt/wt,epigenomics,ATAC-seq,RSP,nuclei,12091,Salk Institute for Biological Studies,Bing Ren,1U19MH114831-01,NEMO,http://data.nemoarchive.org/biccn/grant/cemba/ecker/chromatin/,2019Q4,ecker_sn_ATACseq,ecker_sn_ATACseq_proj,1
CEMBA190423_10G,mouse,NCBI:txid10090,,wt/wt,epigenomics,ATAC-seq,LP;SGN;LGd;PoT;SPFp;LGv,nuclei,12342,Salk Institute for Biological Studies,Bing Ren,1U19MH114831-01,NEMO,http://data.nemoarchive.org/biccn/grant/cemba/ecker/chromatin/,2019Q3,ecker_sn_ATACseq,ecker_sn_ATACseq_proj,1
CEMBA190523_10A,mouse,NCBI:txid10090,,wt/wt,epigenomics,ATAC-seq,RSP,nuclei,12046,Salk Institute for Biological Studies,Bing Ren,1U19MH114831-01,NEMO,http://data.nemoarchive.org/biccn/grant/cemba/ecker/chromatin/,2019Q4,ecker_sn_ATACseq,ecker_sn_ATACseq_proj,1
CEMBA190523_10G,mouse,NCBI:txid10090,,wt/wt,epigenomics,ATAC-seq,LP;SGN;LGd;PoT;SPFp;LGv,nuclei,12139,Salk Institute for Biological Studies,Bing Ren,1U19MH114831-01,NEMO,http://data.nemoarchive.org/biccn/grant/cemba/ecker/chromatin/,2019Q3,ecker_sn_ATACseq,ecker_sn_ATACseq_proj,1
CEMBA190530_11C,mouse,NCBI:txid10090,,wt/wt,epigenomics,ATAC-seq,AUDpo;AUDv,nuclei,11906,Salk Institute for Biological Studies,Bing Ren,1U19MH114831-01,NEMO,http://data.nemoarchive.org/biccn/grant/cemba/ecker/chromatin/,2019Q4,ecker_sn_ATACseq,ecker_sn_ATACseq_proj,1
CEMBA190530_9C,mouse,NCBI:txid10090,,wt/wt,epigenomics,ATAC-seq,SSp;SSs,nuclei,12031,Salk Institute for Biological Studies,Bing Ren,1U19MH114831-01,NEMO,http://data.nemoarchive.org/biccn/grant/cemba/ecker/chromatin/,2019Q4,ecker_sn_ATACseq,ecker_sn_ATACseq_proj,1
CEMBA190620_11C,mouse,NCBI:txid10090,,wt/wt,epigenomics,ATAC-seq,AUDpo;AUDv,nuclei,12563,Salk Institute for Biological Studies,Bing Ren,1U19MH114831-01,NEMO,http://data.nemoarchive.org/biccn/grant/cemba/ecker/chromatin/,2019Q4,ecker_sn_ATACseq,ecker_sn_ATACseq_proj,1
CEMBA190620_9C,mouse,NCBI:txid10090,,wt/wt,epigenomics,ATAC-seq,SSp;SSs,nuclei,12596,Salk Institute for Biological Studies,Bing Ren,1U19MH114831-01,NEMO,http://data.nemoarchive.org/biccn/grant/cemba/ecker/chromatin/,2019Q4,ecker_sn_ATACseq,ecker_sn_ATACseq_proj,1
CEMBA190625_10E,mouse,NCBI:txid10090,,wt/wt,epigenomics,ATAC-seq,CA1;CA2;CA3,nuclei,12702,Salk Institute for Biological Studies,Bing Ren,1U19MH114831-01,NEMO,http://data.nemoarchive.org/biccn/grant/cemba/ecker/chromatin/,2019Q4,ecker_sn_ATACseq,ecker_sn_ATACseq_proj,1
CEMBA190625_10F,mouse,NCBI:txid10090,,wt/wt,epigenomics,ATAC-seq,DG,nuclei,12823,Salk Institute for Biological Studies,Bing Ren,1U19MH114831-01,NEMO,http://data.nemoarchive.org/biccn/grant/cemba/ecker/chromatin/,2019Q4,ecker_sn_ATACseq,ecker_sn_ATACseq_proj,1
CEMBA190627_10E,mouse,NCBI:txid10090,,wt/wt,epigenomics,ATAC-seq,CA1;CA2;CA3,nuclei,12542,Salk Institute for Biological Studies,Bing Ren,1U19MH114831-01,NEMO,http://data.nemoarchive.org/biccn/grant/cemba/ecker/chromatin/,2019Q4,ecker_sn_ATACseq,ecker_sn_ATACseq_proj,1
CEMBA190627_10F,mouse,NCBI:txid10090,,wt/wt,epigenomics,ATAC-seq,DG,nuclei,12741,Salk Institute for Biological Studies,Bing Ren,1U19MH114831-01,NEMO,http://data.nemoarchive.org/biccn/grant/cemba/ecker/chromatin/,2019Q4,ecker_sn_ATACseq,ecker_sn_ATACseq_proj,1
CEMBA190702_7G,mouse,NCBI:txid10090,,wt/wt,epigenomics,ATAC-seq,LD;MD;AMd,nuclei,12752,Salk Institute for Biological Studies,Bing Ren,1U19MH114831-01,NEMO,http://data.nemoarchive.org/biccn/grant/cemba/ecker/chromatin/,2020Q1,ecker_sn_ATACseq,ecker_sn_ATACseq_proj,1
CEMBA190709_7G,mouse,NCBI:txid10090,,wt/wt,epigenomics,ATAC-seq,LD;MD;AMd,nuclei,12734,Salk Institute for Biological Studies,Bing Ren,1U19MH114831-01,NEMO,http://data.nemoarchive.org/biccn/grant/cemba/ecker/chromatin/,2020Q1,ecker_sn_ATACseq,ecker_sn_ATACseq_proj,1
CEMBA190711_8E,mouse,NCBI:txid10090,,wt/wt,epigenomics,ATAC-seq,CA1;CA2;CA3,nuclei,11244,Salk Institute for Biological Studies,Bing Ren,1U19MH114831-01,NEMO,http://data.nemoarchive.org/biccn/grant/cemba/ecker/chromatin/,2020Q1,ecker_sn_ATACseq,ecker_sn_ATACseq_proj,1
CEMBA190711_8J,mouse,NCBI:txid10090,,wt/wt,epigenomics,ATAC-seq,DG,nuclei,11354,Salk Institute for Biological Studies,Bing Ren,1U19MH114831-01,NEMO,http://data.nemoarchive.org/biccn/grant/cemba/ecker/chromatin/,2020Q1,ecker_sn_ATACseq,ecker_sn_ATACseq_proj,1
CEMBA190716_8E,mouse,NCBI:txid10090,,wt/wt,epigenomics,ATAC-seq,CA1;CA2;CA3,nuclei,12325,Salk Institute for Biological Studies,Bing Ren,1U19MH114831-01,NEMO,http://data.nemoarchive.org/biccn/grant/cemba/ecker/chromatin/,2020Q1,ecker_sn_ATACseq,ecker_sn_ATACseq_proj,1
CEMBA190716_8J,mouse,NCBI:txid10090,,wt/wt,epigenomics,ATAC-seq,DG,nuclei,12869,Salk Institute for Biological Studies,Bing Ren,1U19MH114831-01,NEMO,http://data.nemoarchive.org/biccn/grant/cemba/ecker/chromatin/,2020Q1,ecker_sn_ATACseq,ecker_sn_ATACseq_proj,1
CEMBA190718_6E,mouse,NCBI:txid10090,,wt/wt,epigenomics,ATAC-seq,CP,nuclei,12213,Salk Institute for Biological Studies,Bing Ren,1U19MH114831-01,NEMO,http://data.nemoarchive.org/biccn/grant/cemba/ecker/chromatin/,2020Q1,ecker_sn_ATACseq,ecker_sn_ATACseq_proj,1
CEMBA190718_8F,mouse,NCBI:txid10090,,wt/wt,epigenomics,ATAC-seq,RT;VPM;VM;VAL,nuclei,11942,Salk Institute for Biological Studies,Bing Ren,1U19MH114831-01,NEMO,http://data.nemoarchive.org/biccn/grant/cemba/ecker/chromatin/,2020Q1,ecker_sn_ATACseq,ecker_sn_ATACseq_proj,1
CEMBA190723_6E,mouse,NCBI:txid10090,,wt/wt,epigenomics,ATAC-seq,CP,nuclei,11229,Salk Institute for Biological Studies,Bing Ren,1U19MH114831-01,NEMO,http://data.nemoarchive.org/biccn/grant/cemba/ecker/chromatin/,2020Q1,ecker_sn_ATACseq,ecker_sn_ATACseq_proj,1
CEMBA190723_8F,mouse,NCBI:txid10090,,wt/wt,epigenomics,ATAC-seq,RT;VPM;VM;VAL,nuclei,10922,Salk Institute for Biological Studies,Bing Ren,1U19MH114831-01,NEMO,http://data.nemoarchive.org/biccn/grant/cemba/ecker/chromatin/,2020Q1,ecker_sn_ATACseq,ecker_sn_ATACseq_proj,1
CEMBA190725_10B,mouse,NCBI:txid10090,,wt/wt,epigenomics,ATAC-seq,VISam;VISpm;VISp;VISrl;VISal,nuclei,12394,Salk Institute for Biological Studies,Bing Ren,1U19MH114831-01,NEMO,http://data.nemoarchive.org/biccn/grant/cemba/ecker/chromatin/,2020Q1,ecker_sn_ATACseq,ecker_sn_ATACseq_proj,1
CEMBA190730_10B,mouse,NCBI:txid10090,,wt/wt,epigenomics,ATAC-seq,VISam;VISpm;VISp;VISrl;VISal,nuclei,12306,Salk Institute for Biological Studies,Bing Ren,1U19MH114831-01,NEMO,http://data.nemoarchive.org/biccn/grant/cemba/ecker/chromatin/,2020Q1,ecker_sn_ATACseq,ecker_sn_ATACseq_proj,1
CEMBA191114_11A,mouse,NCBI:txid10090,,wt/wt,epigenomics,ATAC-seq,RSP,nuclei,"11,889",Salk Institute for Biological Studies,Bing Ren,1U19MH114831-01,NEMO,http://data.nemoarchive.org/biccn/grant/cemba/ecker/chromatin/,2020Q3,ecker_sn_ATACseq,ecker_sn_ATACseq_proj,1
CEMBA191107_11A,mouse,NCBI:txid10090,,wt/wt,epigenomics,ATAC-seq,RSP,nuclei,"12,807",Salk Institute for Biological Studies,Bing Ren,1U19MH114831-01,NEMO,http://data.nemoarchive.org/biccn/grant/cemba/ecker/chromatin/,2020Q3,ecker_sn_ATACseq,ecker_sn_ATACseq_proj,1
CEMBA191205_7C,mouse,NCBI:txid10090,,wt/wt,epigenomics,ATAC-seq,SSs,nuclei,"12,924",Salk Institute for Biological Studies,Bing Ren,1U19MH114831-01,NEMO,http://data.nemoarchive.org/biccn/grant/cemba/ecker/chromatin/,2020Q3,ecker_sn_ATACseq,ecker_sn_ATACseq_proj,1
CEMBA191205_8C,mouse,NCBI:txid10090,,wt/wt,epigenomics,ATAC-seq,SSs,nuclei,"12,976",Salk Institute for Biological Studies,Bing Ren,1U19MH114831-01,NEMO,http://data.nemoarchive.org/biccn/grant/cemba/ecker/chromatin/,2020Q3,ecker_sn_ATACseq,ecker_sn_ATACseq_proj,1
CEMBA191212_7C,mouse,NCBI:txid10090,,wt/wt,epigenomics,ATAC-seq,SSs,nuclei,"12,353",Salk Institute for Biological Studies,Bing Ren,1U19MH114831-01,NEMO,http://data.nemoarchive.org/biccn/grant/cemba/ecker/chromatin/,2020Q3,ecker_sn_ATACseq,ecker_sn_ATACseq_proj,1
CEMBA191212_8C,mouse,NCBI:txid10090,,wt/wt,epigenomics,ATAC-seq,SSs,nuclei,"12,646",Salk Institute for Biological Studies,Bing Ren,1U19MH114831-01,NEMO,http://data.nemoarchive.org/biccn/grant/cemba/ecker/chromatin/,2020Q3,ecker_sn_ATACseq,ecker_sn_ATACseq_proj,1
CEMBA200305_7J,mouse,NCBI:txid10090,,wt/wt,epigenomics,ATAC-seq,HY (PVH+LHA+AHN+RCH),nuclei,"12,482",Salk Institute for Biological Studies,Bing Ren,1U19MH114831-01,NEMO,http://data.nemoarchive.org/biccn/grant/cemba/ecker/chromatin/,2020Q3,ecker_sn_ATACseq,ecker_sn_ATACseq_proj,1
CEMBA200312_6H,mouse,NCBI:txid10090,,wt/wt,epigenomics,ATAC-seq,HY,nuclei,"12,646",Salk Institute for Biological Studies,Bing Ren,1U19MH114831-01,NEMO,http://data.nemoarchive.org/biccn/grant/cemba/ecker/chromatin/,2020Q3,ecker_sn_ATACseq,ecker_sn_ATACseq_proj,1
CEMBA200312_8K,mouse,NCBI:txid10090,,wt/wt,epigenomics,ATAC-seq,HY (DMH+LHA+VMH),nuclei,"12,749",Salk Institute for Biological Studies,Bing Ren,1U19MH114831-01,NEMO,http://data.nemoarchive.org/biccn/grant/cemba/ecker/chromatin/,2020Q3,ecker_sn_ATACseq,ecker_sn_ATACseq_proj,1
CEMBA200319_6H,mouse,NCBI:txid10090,,wt/wt,epigenomics,ATAC-seq,HY,nuclei,"12,306",Salk Institute for Biological Studies,Bing Ren,1U19MH114831-01,NEMO,http://data.nemoarchive.org/biccn/grant/cemba/ecker/chromatin/,2020Q3,ecker_sn_ATACseq,ecker_sn_ATACseq_proj,1
CEMBA200319_8K,mouse,NCBI:txid10090,,wt/wt,epigenomics,ATAC-seq,HY (DMH+LHA+VMH),nuclei,"12,313",Salk Institute for Biological Studies,Bing Ren,1U19MH114831-01,NEMO,http://data.nemoarchive.org/biccn/grant/cemba/ecker/chromatin/,2020Q3,ecker_sn_ATACseq,ecker_sn_ATACseq_proj,1
CEMBA200520_7J,mouse,NCBI:txid10090,,wt/wt,epigenomics,ATAC-seq,HY (PVH+LHA+AHN+RCH),nuclei,"12,253",Salk Institute for Biological Studies,Bing Ren,1U19MH114831-01,NEMO,http://data.nemoarchive.org/biccn/grant/cemba/ecker/chromatin/,2020Q3,ecker_sn_ATACseq,ecker_sn_ATACseq_proj,1
